username,password,first_name,last_name,email,role,telephone,date_naissance
salma.jlassi,changeme,Salma,Jlassi,salma.jlassi@supcom.tn,etudiant,220000001,2001-01-01
karim.hammami,changeme,Karim,Hammami,karim.hammami@supcom.tn,etudiant,220000002,2001-01-02
nour.benammar,changeme,Nour,Ben Ammar,nour.benammar@supcom.tn,etudiant,220000003,2001-01-03
mohamed.ayari,changeme,Mohamed,Ayari,mohamed.ayari@supcom.tn,etudiant,220000004,2001-01-04
marwa.toumi,changeme,Marwa,Toumi,marwa.toumi@supcom.tn,etudiant,220000005,2001-01-05
kais.mrad,changeme,Kais,Mrad,kais.mrad@supcom.tn,etudiant,220000006,2001-01-06
sirine.ferchichi,changeme,Sirine,Ferchichi,sirine.ferchichi@supcom.tn,etudiant,220000007,2001-01-07
anis.ghanmi,changeme,Anis,Ghanmi,anis.ghanmi@supcom.tn,etudiant,220000008,2001-01-08
rahma.bouazizi,changeme,Rahma,Bouazizi,rahma.bouazizi@supcom.tn,etudiant,220000009,2001-01-09
youssef.saadi,changeme,Youssef,Saadi,youssef.saadi@supcom.tn,etudiant,220000010,2001-01-10
rim.trabelsi,changeme,Rim,Trabelsi,rim.trabelsi@supcom.tn,etudiant,220000011,2001-01-11
fares.gharbi,changeme,Fares,Gharbi,fares.gharbi@supcom.tn,etudiant,220000012,2001-01-12
ines.braham,changeme,Ines,Braham,ines.braham@supcom.tn,etudiant,220000013,2001-01-13
aziz.abidi,changeme,Aziz,Abidi,aziz.abidi@supcom.tn,etudiant,220000014,2001-01-14
ahlem.kallel,changeme,Ahlem,Kallel,ahlem.kallel@supcom.tn,etudiant,220000015,2001-01-15
hedia.maalej,changeme,Hedia,Maalej,hedia.maalej@supcom.tn,etudiant,220000016,2001-01-16
nadir.mehri,changeme,Nadir,Mehri,nadir.mehri@supcom.tn,etudiant,220000017,2001-01-17
rayen.zaafouri,changeme,Rayen,Zaafouri,rayen.zaafouri@supcom.tn,etudiant,220000018,2001-01-18
salem.benamor,changeme,Salem,Ben Amor,salem.benamor@supcom.tn,etudiant,220000019,2001-01-19
wassim.bousnina,changeme,Wassim,Bousnina,wassim.bousnina@supcom.tn,etudiant,220000020,2001-01-20
cyrine.dhifallah,changeme,Cyrine,Dhifallah,cyrine.dhifallah@supcom.tn,etudiant,220000021,2001-01-21
malek.fennira,changeme,Malek,Fennira,malek.fennira@supcom.tn,etudiant,220000022,2001-01-22
eya.kacem,changeme,Eya,Kacem,eya.kacem@supcom.tn,etudiant,220000023,2001-01-23
ridha.majdoub,changeme,Ridha,Majdoub,ridha.majdoub@supcom.tn,etudiant,220000024,2001-01-24
ons.nasraoui,changeme,Ons,Nasraoui,ons.nasraoui@supcom.tn,etudiant,220000025,2001-01-25
bachir.souissi,changeme,Bachir,Souissi,bachir.souissi@supcom.tn,etudiant,220000026,2001-01-26
rahma.triki,changeme,Rahma,Triki,rahma.triki@supcom.tn,etudiant,220000027,2001-01-27
sofiene.benhassen,changeme,Sofiene,Ben Hassen,sofiene.benhassen@supcom.tn,etudiant,220000028,2001-01-28
saoussen.bougatef,changeme,Saoussen,Bougatef,saoussen.bougatef@supcom.tn,etudiant,220000029,2001-01-29
nabil.chaari,changeme,Nabil,Chaari,nabil.chaari@supcom.tn,etudiant,220000030,2001-01-30
myriam.dridi,changeme,Myriam,Dridi,myriam.dridi@supcom.tn,etudiant,220000031,2001-01-31
rami.gaddour,changeme,Rami,Gaddour,rami.gaddour@supcom.tn,etudiant,220000032,2001-02-01
dorsaf.hamrouni,changeme,Dorsaf,Hamrouni,dorsaf.hamrouni@supcom.tn,etudiant,220000033,2001-02-02
moez.kefi,changeme,Moez,Kefi,moez.kefi@supcom.tn,etudiant,220000034,2001-02-03
ghofrane.louati,changeme,Ghofrane,Louati,ghofrane.louati@supcom.tn,etudiant,220000035,2001-02-04
aymen.najar,changeme,Aymen,Najar,aymen.najar@supcom.tn,etudiant,220000036,2001-02-05
nejma.saidi,changeme,Nejma,Saidi,nejma.saidi@supcom.tn,etudiant,220000037,2001-02-06
amina.tlig,changeme,Amina,Tlig,amina.tlig@supcom.tn,etudiant,220000038,2001-02-07
sihem.bouaziz,changeme,Sihem,Bouaziz,sihem.bouaziz@supcom.tn,etudiant,220000039,2001-02-08
jamel.benyoussef,changeme,Jamel,Ben Youssef,jamel.benyoussef@supcom.tn,etudiant,220000040,2001-02-09
sirine.khalfallah,changeme,Sirine,Khalfallah,sirine.khalfallah@supcom.tn,etudiant,220000041,2001-02-10
mokhtar.rezgui,changeme,Mokhtar,Rezgui,mokhtar.rezgui@supcom.tn,etudiant,220000042,2001-02-11
yasmine.boukadida,changeme,Yasmine,Boukadida,yasmine.boukadida@supcom.tn,etudiant,220000043,2001-02-12
skander.bensalah,changeme,Skander,Ben Salah,skander.bensalah@supcom.tn,etudiant,220000044,2001-02-13
ali.benammar,changeme,Ali,Ben Ammar,ali.benammar@supcom.tn,etudiant,220000045,2001-02-14
nouri.ayari,changeme,Nouri,Ayari,nouri.ayari@supcom.tn,etudiant,220000046,2001-02-15
leila.trabelsi,changeme,Leila,Trabelsi,leila.trabelsi@supcom.tn,etudiant,220000047,2001-02-16
chiraz.haddad,changeme,Chiraz,Haddad,chiraz.haddad@supcom.tn,etudiant,220000048,2001-02-17
omar.mabrouk,changeme,Omar,Mabrouk,omar.mabrouk@supcom.tn,etudiant,220000049,2001-02-18
fatma.cherif,changeme,Fatma,Cherif,fatma.cherif@supcom.tn,etudiant,220000050,2001-02-19
sami.jebali,changeme,Sami,Jebali,sami.jebali@supcom.tn,etudiant,220000051,2001-02-20
nozha.ghodhbane,changeme,Nozha,Ghodhbane,nozha.ghodhbane@supcom.tn,etudiant,220000052,2001-02-21
tarek.sellami,changeme,Tarek,Sellami,tarek.sellami@supcom.tn,etudiant,220000053,2001-02-22
hela.benkhaled,changeme,Hela,Ben Khaled,hela.benkhaled@supcom.tn,etudiant,220000054,2001-02-23
zied.moussa,changeme,Zied,Moussa,zied.moussa@supcom.tn,etudiant,220000055,2001-02-24
sana.fendri,changeme,Sana,Fendri,sana.fendri@supcom.tn,etudiant,220000056,2001-02-25
amir.besbes,changeme,Amir,Besbes,amir.besbes@supcom.tn,etudiant,220000057,2001-02-26
hadil.miled,changeme,Hadil,Miled,hadil.miled@supcom.tn,etudiant,220000058,2001-02-27
taher.baccouche,changeme,Taher,Baccouche,taher.baccouche@supcom.tn,etudiant,220000059,2001-02-28
sarra.benahmed,changeme,Sarra,Ben Ahmed,sarra.benahmed@supcom.tn,etudiant,220000060,2001-03-01
riadh.chouk,changeme,Riadh,Chouk,riadh.chouk@supcom.tn,etudiant,220000061,2001-03-02
sabrine.maatar,changeme,Sabrine,Maatar,sabrine.maatar@supcom.tn,etudiant,220000062,2001-03-03
houssem.snoussi,changeme,Houssem,Snoussi,houssem.snoussi@supcom.tn,etudiant,220000063,2001-03-04
imen.bensaid,changeme,Imen,Ben Said,imen.bensaid@supcom.tn,etudiant,220000064,2001-03-05
adel.boulabiar,changeme,Adel,Boulabiar,adel.boulabiar@supcom.tn,etudiant,220000065,2001-03-06
feten.benhassine,changeme,Feten,Ben Hassine,feten.benhassine@supcom.tn,etudiant,220000066,2001-03-07
anouar.mezni,changeme,Anouar,Mezni,anouar.mezni@supcom.tn,etudiant,220000067,2001-03-08
insaf.boujneh,changeme,Insaf,Boujneh,insaf.boujneh@supcom.tn,etudiant,220000068,2001-03-09
haythem.lahmar,changeme,Haythem,Lahmar,haythem.lahmar@supcom.tn,etudiant,220000069,2001-03-10
ichrak.zemni,changeme,Ichrak,Zemni,ichrak.zemni@supcom.tn,etudiant,220000070,2001-03-11
majd.trigui,changeme,Majd,Trigui,majd.trigui@supcom.tn,etudiant,220000071,2001-03-12
dorra.benmansour,changeme,Dorra,Ben Mansour,dorra.benmansour@supcom.tn,etudiant,220000072,2001-03-13
fares.benfredj,changeme,Fares,Ben Fredj,fares.benfredj@supcom.tn,etudiant,220000073,2001-03-14
sirine.benabdallah,changeme,Sirine,Ben Abdallah,sirine.benabdallah@supcom.tn,etudiant,220000074,2001-03-15
hatem.bouslama,changeme,Hatem,Bouslama,hatem.bouslama@supcom.tn,etudiant,220000075,2001-03-16
safa.mhenni,changeme,Safa,Mhenni,safa.mhenni@supcom.tn,etudiant,220000076,2001-03-17
othman.bakir,changeme,Othman,Bakir,othman.bakir@supcom.tn,etudiant,220000077,2001-03-18
yosr.benmoussa,changeme,Yosr,Ben Moussa,yosr.benmoussa@supcom.tn,etudiant,220000078,2001-03-19
moncef.charfi,changeme,Moncef,Charfi,moncef.charfi@supcom.tn,etudiant,220000079,2001-03-20
rania.bouali,changeme,Rania,Bouali,rania.bouali@supcom.tn,etudiant,220000080,2001-03-21
chokri.benothman,changeme,Chokri,Ben Othman,chokri.benothman@supcom.tn,etudiant,220000081,2001-03-22
manel.benchaabane,changeme,Manel,Ben Chaabane,manel.benchaabane@supcom.tn,etudiant,220000082,2001-03-23
ameur.benothmen,changeme,Ameur,Ben Othmen,ameur.benothmen@supcom.tn,etudiant,220000083,2001-03-24
salma.benamor,changeme,Salma,Ben Amor,salma.benamor@supcom.tn,etudiant,220000084,2001-03-25
fares.benromdhane,changeme,Fares,Ben Romdhane,fares.benromdhane@supcom.tn,etudiant,220000085,2001-03-26
yassmine.benhassine,changeme,Yassmine,Ben Hassine,yassmine.benhassine@supcom.tn,etudiant,220000086,2001-03-27
ramzi.benslama,changeme,Ramzi,Ben Slama,ramzi.benslama@supcom.tn,etudiant,220000087,2001-03-28
nessrine.benyoussef,changeme,Nessrine,Ben Youssef,nessrine.benyoussef@supcom.tn,etudiant,220000088,2001-03-29
fares.benmoussa,changeme,Fares,Ben Moussa,fares.benmoussa@supcom.tn,etudiant,220000089,2001-03-30
ichrak.benali,changeme,Ichrak,Ben Ali,ichrak.benali@supcom.tn,etudiant,220000090,2001-03-31
farah.bensaid,changeme,Farah,Ben Said,farah.bensaid@supcom.tn,etudiant,220000091,2001-04-01
nader.benhassen,changeme,Nader,Ben Hassen,nader.benhassen@supcom.tn,etudiant,220000092,2001-04-02
hadil.benmabrouk,changeme,Hadil,Ben Mabrouk,hadil.benmabrouk@supcom.tn,etudiant,220000093,2001-04-03
rihem.benammar,changeme,Rihem,Ben Ammar,rihem.benammar@supcom.tn,etudiant,220000094,2001-04-04
yousra.bensalem,changeme,Yousra,Ben Salem,yousra.bensalem@supcom.tn,etudiant,220000095,2001-04-05
omar.benabdallah,changeme,Omar,Ben Abdallah,omar.benabdallah@supcom.tn,etudiant,220000096,2001-04-06
meriam.benyoussef,changeme,Meriam,Ben Youssef,meriam.benyoussef@supcom.tn,etudiant,220000097,2001-04-07
riadh.benmohamed,changeme,Riadh,Ben Mohamed,riadh.benmohamed@supcom.tn,etudiant,220000098,2001-04-08
amal.benhadj,changeme,Amal,Ben Hadj,amal.benhadj@supcom.tn,etudiant,220000099,2001-04-09
fares.benmoussa2,changeme,Fares,Ben Moussa,fares.benmoussa2@supcom.tn,etudiant,220000100,2001-04-10
